Informazioni cronologiche,Reddito annuo lordo (include retribuzione totale + bonus etc o fatturato),Sei un lavoratore Dipendente?,Residenza (il sondaggio è solo per expat),Patrimonio (esclusa prima casa se presente),Percentuale azionario nel Patrimonio? (i valori sono da moltiplicare per 10 - 1 corrisponde al 10%),Percentuale immobiliare (esclusa prima casa) nel Patrimonio? (i valori sono da moltiplicare per 10 - 1 corrisponde al 10%),Percentuale crypto nel Patrimonio? (i valori sono da moltiplicare per 10 - 1 corrisponde al 10%),Vivi in una casa di proprietà?,Hai aderito all'equivalente nel tuo attuale paese dei Fondi Pensione?,Lavori per una azienda ,Categoria lavorativa,Lavoro in,Settore azienda,Seniority nel ruolo,Auto aziendale?,Premi di produzione / Bonus (descrizione),Risparmio medio,Età in anni,Genere,Con chi vivi?,Ci sono altri redditi nel nucleo familiare?,Istruzione,Di dove sei originario?
17/01/2025 18.05.39,oltre i 100K,Sì,Francia,da 50 a 100k,10,0,0,Sì,No,Multinazionale non Italiana,Dirigente,Full remote,IT/Tech,da 4 a 7 anni,No,"Sì, <10% della RAL",tra 20 e 30% del netto,,Uomo,Con partner e/o figli,Sì,Diploma,Sono Italiano
17/01/2025 18.08.16,oltre i 100K,Sì,Svizzera,da 300k a 1M,10,0,0,No,Sì,Multinazionale non Italiana,Impiegato,Full remote,Bancario/Finanza/Assicurativo,10+ anni,No,"Sì, 10-20% della RAL",più del 50% del netto,33,Uomo,Da solo,No,Laurea 5 anni,Sono Italiano
17/01/2025 18.12.01,oltre i 100K,Sì,Singapore,da 50 a 100k,9,0,4,No,No,Multinazionale fondata in Italia,Quadro,Ibrido <=2 giorni/settimana da casa,Retail ,<1 anno,No,"Sì, 10-20% della RAL",tra 20 e 30% del netto,30,Uomo,Con partner e/o figli,Sì,Laurea 5 anni,Sono Italiano
17/01/2025 18.12.26,da 60 a 80K,Sì,Oslo,da 10 a 50k,7,0,3,No,No,Multinazionale non Italiana,Impiegato,Ibrido <=2 giorni/settimana da casa,IT/Tech,da 1 a 3 anni,No,No,tra 40 e 50% del netto,24,Uomo,Con partner e/o figli,Sì,Diploma,Sono Italiano
17/01/2025 18.13.24,da 50 a 60K,Sì,UK,da 100 a 300k,6,0,1,No,Sì,Azienda estera non multinazionale,Impiegato,Ibrido <=2 giorni/settimana da casa,Ingegneria ,da 4 a 7 anni,No,"Sì, 10-20% della RAL",tra 30 e 40% del netto,31,Uomo,In casa condivisa con altri amici/lavoratori,No,Laurea 5 anni,Sono Italiano
17/01/2025 18.13.47,da 50 a 60K,Sì,polonia,da 300k a 1M,1,1,8,Sì,No,Multinazionale non Italiana,Impiegato,Ibrido >2 giorni/settimana da casa,IT/Tech,da 4 a 7 anni,No,"Sì, <10% della RAL",tra 20 e 30% del netto,37,Uomo,Da solo,No,Laurea 3 anni,Sono Italiano
17/01/2025 18.16.43,oltre i 100K,Sì,Francia,da 100 a 300k,1,6,0,No,No,Multinazionale non Italiana,Impiegato,Ibrido <=2 giorni/settimana da casa,Chimico - cosmetico ,da 1 a 3 anni,No,"Sì, <10% della RAL",più del 50% del netto,27,Uomo,Da solo,No,Laurea 5 anni,Sono Italiano
17/01/2025 18.18.01,oltre i 100K,Sì,Romania,da 300k a 1M,6,0,0,No,No,Multinazionale fondata in Italia,Quadro,sede 5/5,Metalmeccanico,da 7 a 10 anni,Sì,"Sì, 10-20% della RAL",più del 50% del netto,36,Uomo,Con partner e/o figli,Sì,Laurea 5 anni,Sono Italiano
17/01/2025 18.20.19,da 45 a 50K,Sì,Germania,da 50 a 100k,6,4,0,No,No,Multinazionale non Italiana,Impiegato,Ibrido <=2 giorni/settimana da casa,Automotive,da 1 a 3 anni,No,"Sì, <10% della RAL",tra 20 e 30% del netto,27,Uomo,In casa condivisa con altri amici/lavoratori,No,Laurea 5 anni,Sono Italiano
17/01/2025 18.22.05,da 50 a 60K,Sì,Spagna,da 50 a 100k,2,0,6,No,No,Multinazionale non Italiana,Imprenditore,Ibrido <=2 giorni/settimana da casa,IT/Tech,da 1 a 3 anni,No,No,tra 30 e 40% del netto,30,Uomo,In casa condivisa con altri amici/lavoratori,Sì,Laurea 5 anni,Sono Italiano
17/01/2025 18.34.27,oltre i 100K,Sì,,da 100 a 300k,7,0,2,No,Sì,Azienda estera non multinazionale,Impiegato,Ibrido <=2 giorni/settimana da casa,Bancario/Finanza/Assicurativo,da 1 a 3 anni,No,"Sì, >30% della RAL",più del 50% del netto,,Uomo,Da solo,No,Laurea 5 anni,Sono Italiano
17/01/2025 18.35.26,oltre i 100K,Sì,Amsterdam,da 300k a 1M,7,0,0,Sì,Sì,Multinazionale non Italiana,Quadro,Ibrido >2 giorni/settimana da casa,IT/Tech,da 7 a 10 anni,No,"Sì, 20-30% della RAL",più del 50% del netto,39,Uomo,Con partner e/o figli,Sì,Dottorato,Sono Italiano
17/01/2025 18.36.57,oltre i 100K,Sì,Zurigo,da 300k a 1M,9,0,1,No,Sì,Multinazionale non Italiana,Impiegato,Ibrido >2 giorni/settimana da casa,IT/Tech,da 7 a 10 anni,No,"Sì, 10-20% della RAL",tra 10 e 20% del netto,29,Uomo,Da solo,No,Laurea 3 anni,Sono Italiano
17/01/2025 18.43.22,oltre i 100K,Sì,Svizzera,da 300k a 1M,8,0,0,No,Sì,Multinazionale non Italiana,Dirigente,sede 5/5,Food,da 1 a 3 anni,No,No,tra 40 e 50% del netto,29,Uomo,Con partner e/o figli,Sì,Laurea 5 anni,Sono Italiano
17/01/2025 18.46.17,da 50 a 60K,Sì,Monaco di Baviera,da 10 a 50k,6,0,0,No,No,Multinazionale non Italiana,Impiegato,sede 5/5,Space,da 1 a 3 anni,No,No,tra 30 e 40% del netto,26,Uomo,Da solo,No,Laurea 5 anni,Sono Italiano
17/01/2025 18.57.54,da 60 a 80K,Sì,Polonia,da 50 a 100k,9,0,0,No,Sì,Multinazionale non Italiana,Impiegato,Ibrido <=2 giorni/settimana da casa,Bancario/Finanza/Assicurativo,da 4 a 7 anni,No,"Sì, 10-20% della RAL",tra 40 e 50% del netto,31,Uomo,Da solo,No,Laurea 5 anni,Sono Italiano
17/01/2025 18.59.39,oltre i 100K,Sì,"Orlando, Florida, USA",da 300k a 1M,3,0,0,No,Sì,Multinazionale non Italiana,Impiegato,Full remote,IT/Tech,10+ anni,No,"Sì, 10-20% della RAL",,48,Uomo,Con partner e/o figli,Sì,Laurea 5 anni,Sono Italiano
17/01/2025 18.59.56,oltre i 100K,Sì,germania,da 100 a 300k,10,0,0,No,No,Multinazionale non Italiana,Impiegato,Full remote,IT/Tech,da 4 a 7 anni,No,"Sì, <10% della RAL",più del 50% del netto,34,Uomo,Da solo,No,Laurea 3 anni,Sono Italiano
17/01/2025 19.01.19,oltre i 100K,Sì,Bahrain,da 300k a 1M,5,0,0,No,Sì,Multinazionale non Italiana,Quadro,sede 5/5,Metalmeccanico,da 4 a 7 anni,No,"Sì, <10% della RAL",più del 50% del netto,35,Uomo,Con partner e/o figli,No,Laurea 5 anni,Sono Italiano
17/01/2025 19.03.37,oltre i 100K,Sì,Londra ,da 100 a 300k,7,0,0,No,Sì,Multinazionale non Italiana,Quadro,Ibrido >2 giorni/settimana da casa,manufacture ,da 1 a 3 anni,No,"Sì, >30% della RAL",tra 20 e 30% del netto,34,Uomo,Con partner e/o figli,Sì,Diploma,Sono Italiano
17/01/2025 19.05.37,da 60 a 80K,Sì,,da 100 a 300k,8,0,0,No,No,Multinazionale non Italiana,Impiegato,Ibrido <=2 giorni/settimana da casa,Automotive,da 4 a 7 anni,No,No,più del 50% del netto,34,Uomo,Da solo,No,Dottorato,Sono Italiano
17/01/2025 19.09.09,oltre i 100K,Sì,Paris,da 300k a 1M,8,2,0,Sì,Sì,Azienda estera non multinazionale,Quadro,Ibrido >2 giorni/settimana da casa,IT/Tech,da 4 a 7 anni,No,"Sì, 10-20% della RAL",tra 30 e 40% del netto,34,Uomo,Con partner e/o figli,Sì,Diploma,Sono Italiano
17/01/2025 19.10.15,da 60 a 80K,Sì,Paris,da 300k a 1M,8,2,0,Sì,Sì,Multinazionale non Italiana,Quadro,Ibrido >2 giorni/settimana da casa,Farmaceutica,da 1 a 3 anni,No,"Sì, 10-20% della RAL",tra 30 e 40% del netto,34,Donna,Con partner e/o figli,Sì,Dottorato,Sono Italiano
17/01/2025 19.14.33,da 80 a 100K,Sì,"Swiss, Ticino",da 100 a 300k,9,0,0,No,Sì,Azienda estera non multinazionale,Impiegato,sede 5/5,Salute,<1 anno,No,No,tra 40 e 50% del netto,23,Uomo,Da solo,No,Laurea 3 anni,Sono Italiano
17/01/2025 19.20.43,da 80 a 100K,Sì,Francia,da 100 a 300k,6,0,0,No,No,Azienda estera non multinazionale,Quadro,Ibrido >2 giorni/settimana da casa,Settore Pubblico,da 4 a 7 anni,No,No,tra 10 e 20% del netto,36,Uomo,Con partner e/o figli,Sì,Dottorato,Sono Italiano
17/01/2025 19.23.20,da 80 a 100K,Sì,Danimarca,da 50 a 100k,6,0,0,No,Sì,Multinazionale non Italiana,Impiegato,Ibrido <=2 giorni/settimana da casa,Metalmeccanico,<1 anno,No,"Sì, <10% della RAL",tra 40 e 50% del netto,26,Uomo,In casa condivisa con altri amici/lavoratori,No,Laurea 5 anni,Sono Italiano
17/01/2025 19.25.12,da 25 a 30K,Sì,Spagna,da 50 a 100k,6,0,0,No,No,Multinazionale non Italiana,Impiegato,Ibrido <=2 giorni/settimana da casa,Automotive,<1 anno,No,No,tra 0 e 10% del netto,25,Uomo,Con partner e/o figli,Sì,Laurea 5 anni,Sono Italiano
17/01/2025 19.25.55,oltre i 100K,Sì,ugheria,da 300k a 1M,7,3,0,Sì,Sì,Multinazionale non Italiana,Impiegato,Full remote,IT/Tech,10+ anni,No,No,più del 50% del netto,44,Uomo,Con partner e/o figli,Sì,Laurea 5 anni,Sono Italiano
17/01/2025 19.27.20,da 60 a 80K,Sì,germania,da 300k a 1M,8,0,0,No,No,Azienda estera non multinazionale,Impiegato,Full remote,Settore Pubblico,da 4 a 7 anni,No,No,tra 10 e 20% del netto,35,Uomo,Con partner e/o figli,Sì,Dottorato,Sono Italiano
17/01/2025 19.30.03,oltre i 100K,Sì,Danimarca ,da 100 a 300k,6,0,0,Sì,Sì,Multinazionale non Italiana,Impiegato,Ibrido <=2 giorni/settimana da casa,Big Pharma,da 1 a 3 anni,No,"Sì, <10% della RAL",tra 30 e 40% del netto,38,Uomo,Con partner e/o figli,Sì,Dottorato,Sono Italiano
17/01/2025 19.32.25,da 60 a 80K,Sì,Vienna,da 50 a 100k,8,0,0,No,No,Multinazionale non Italiana,Impiegato,Ibrido <=2 giorni/settimana da casa,Fintech,da 4 a 7 anni,No,"Sì, <10% della RAL",tra 20 e 30% del netto,30,Uomo,Con partner e/o figli,Sì,Laurea 5 anni,Sono Italiano
17/01/2025 19.32.56,oltre i 100K,Sì,Zurigo,più di 1M,7,0,0,No,Sì,Azienda estera non multinazionale,Impiegato,Full remote,IT/Tech,10+ anni,No,No,più del 50% del netto,42,Uomo,Con partner e/o figli,Sì,Dottorato,Sono Italiano
17/01/2025 19.33.33,da 50 a 60K,Sì,Parigi,da 50 a 100k,6,0,0,No,No,Multinazionale non Italiana,Quadro,Ibrido <=2 giorni/settimana da casa,Consulenza varia ed eventuale,da 1 a 3 anni,No,No,tra 30 e 40% del netto,26,Uomo,,No,Laurea 5 anni,Sono Italiano
17/01/2025 19.34.16,da 60 a 80K,Sì,,da 50 a 100k,8,0,0,No,No,Multinazionale non Italiana,Impiegato,Ibrido <=2 giorni/settimana da casa,Bancario/Finanza/Assicurativo,da 4 a 7 anni,No,"Sì, <10% della RAL",tra 20 e 30% del netto,28,Uomo,Da solo,No,Laurea 5 anni,Sono Italiano
17/01/2025 19.39.01,da 60 a 80K,Sì,Irlanda/UK,da 100 a 300k,4,0,0,No,No,Multinazionale non Italiana,Impiegato,Ibrido <=2 giorni/settimana da casa,Healthcare ,da 4 a 7 anni,No,"Sì, 10-20% della RAL",più del 50% del netto,,Donna,,,,Sono Italiano
17/01/2025 19.40.28,oltre i 100K,Sì,Paesi Bassi,da 100 a 300k,7,0,0,No,Sì,Multinazionale non Italiana,Impiegato,Ibrido <=2 giorni/settimana da casa,Consulenza varia ed eventuale,da 4 a 7 anni,Sì,"Sì, 20-30% della RAL",più del 50% del netto,30,Uomo,Con partner e/o figli,Sì,Dottorato,Sono Italiano
17/01/2025 19.41.11,da 80 a 100K,Sì,Lussemburgo,da 10 a 50k,2,0,0,No,,Multinazionale non Italiana,,Ibrido >2 giorni/settimana da casa,Consulenza varia ed eventuale,<1 anno,No,"Sì, <10% della RAL",più del 50% del netto,26,Uomo,In casa condivisa con altri amici/lavoratori,No,Laurea 5 anni,Sono Italiano
17/01/2025 19.42.31,da 60 a 80K,Sì,Paesi Bassi,da 100 a 300k,,8,0,Sì,Sì,Multinazionale non Italiana,Impiegato,sede 5/5,Pharma/Health/Bio,da 1 a 3 anni,Sì,"Sì, 10-20% della RAL",tra 40 e 50% del netto,34,Uomo,Con partner e/o figli,Sì,Dottorato,Sono Italiano
17/01/2025 19.43.53,da 25 a 30K,Sì,Italia,da 10 a 50k,0,0,0,,No,Azienda estera non multinazionale,Impiegato,sede 5/5,Turismo,da 1 a 3 anni,No,No,,30,Uomo,Da solo,No,Laurea 5 anni,Sono Italiano
17/01/2025 19.44.56,oltre i 100K,Sì,Lussemburgo,da 100 a 300k,2,0,0,No,Sì,Multinazionale non Italiana,Impiegato,Ibrido <=2 giorni/settimana da casa,IT/Tech,da 1 a 3 anni,No,No,più del 50% del netto,26,Uomo,In casa condivisa con altri amici/lavoratori,No,Laurea 5 anni,Sono Italiano
17/01/2025 19.45.39,da 50 a 60K,Sì,Germania,da 50 a 100k,10,0,0,No,Sì,Azienda estera non multinazionale,Impiegato,Full remote,IT/Tech,da 1 a 3 anni,No,No,più del 50% del netto,25,Uomo,Da solo,No,Laurea 5 anni,Sono Italiano
17/01/2025 19.46.31,oltre i 100K,Sì,Svizzera,da 300k a 1M,7,3,0,No,Sì,Azienda estera non multinazionale,Impiegato,sede 5/5,Settore Pubblico,da 1 a 3 anni,No,"Sì, <10% della RAL",tra 40 e 50% del netto,34,Uomo,Da solo,No,Laurea 5 anni,Sono Italiano
17/01/2025 19.47.21,da 80 a 100K,Sì,Germania ,da 50 a 100k,6,0,0,No,No,Azienda estera non multinazionale,Impiegato,Ibrido <=2 giorni/settimana da casa,IT/Tech,da 1 a 3 anni,No,No,tra 10 e 20% del netto,48,Uomo,Con partner e/o figli,Sì,Laurea 3 anni,Sono Italiano
17/01/2025 19.52.19,da 50 a 60K,Sì,Germania,meno di 10k,,0,0,No,No,Multinazionale non Italiana,Impiegato,Ibrido <=2 giorni/settimana da casa,Marketing,da 1 a 3 anni,No,"Sì, <10% della RAL",più del 50% del netto,27,Uomo,Da solo,No,Laurea 5 anni,Sono Italiano
17/01/2025 19.52.30,da 20 a 25K,Sì,Las palmas de gran Canaria ,meno di 10k,0,0,0,No,No,Multinazionale non Italiana,Impiegato,Ibrido <=2 giorni/settimana da casa,Consulenza varia ed eventuale,<1 anno,No,No,tra 10 e 20% del netto,23,Uomo,Con partner e/o figli,No,Laurea 5 anni,Sono Italiano
17/01/2025 19.57.16,oltre i 100K,Sì,ZURIGO,da 300k a 1M,4,0,0,No,Sì,Azienda estera non multinazionale,Impiegato,Ibrido <=2 giorni/settimana da casa,Trasporti e Logistica,10+ anni,No,No,tra 30 e 40% del netto,41,Uomo,Con partner e/o figli,Sì,Laurea 5 anni,Sono Italiano
17/01/2025 20.00.26,da 50 a 60K,Sì,Belgio,da 10 a 50k,1,0,0,No,No,Azienda estera non multinazionale,Impiegato,Ibrido >2 giorni/settimana da casa,IT/Tech,da 1 a 3 anni,Sì,"Sì, <10% della RAL",tra 30 e 40% del netto,27,Uomo,Da solo,No,Laurea 5 anni,Sono Italiano
17/01/2025 20.07.09,oltre i 100K,,Svizzera,da 100 a 300k,8,0,0,Sì,Sì,Multinazionale non Italiana,Impiegato,Full remote,Bancario/Finanza/Assicurativo,da 7 a 10 anni,No,"Sì, <10% della RAL",tra 20 e 30% del netto,35,Uomo,Con partner e/o figli,Sì,Laurea 5 anni,Sono Italiano
17/01/2025 20.13.18,oltre i 100K,Sì,Germania ,da 100 a 300k,3,0,1,No,No,Multinazionale non Italiana,Quadro,sede 5/5,Bancario/Finanza/Assicurativo,10+ anni,No,"Sì, <10% della RAL",tra 20 e 30% del netto,35,Uomo,Con partner e/o figli,Sì,Laurea 5 anni,Sono Italiano
17/01/2025 20.30.35,oltre i 100K,Sì,Zurigo,da 100 a 300k,9,0,0,No,Sì,Multinazionale non Italiana,Impiegato,Ibrido >2 giorni/settimana da casa,Consulenza varia ed eventuale,da 4 a 7 anni,No,No,tra 30 e 40% del netto,29,Uomo,Da solo,No,Laurea 5 anni,Sono Italiano
17/01/2025 20.32.08,da 50 a 60K,Sì,Lussemburgo ,da 10 a 50k,8,0,0,No,No,Multinazionale non Italiana,Impiegato,Ibrido >2 giorni/settimana da casa,Bancario/Finanza/Assicurativo,da 4 a 7 anni,No,"Sì, 10-20% della RAL",tra 10 e 20% del netto,28,Uomo,Con partner e/o figli,No,Laurea 5 anni,Sono Italiano
17/01/2025 20.33.33,oltre i 100K,Sì,Paesi Bassi,da 100 a 300k,10,0,0,Sì,Sì,Multinazionale non Italiana,Impiegato,Ibrido >2 giorni/settimana da casa,Bancario/Finanza/Assicurativo,da 7 a 10 anni,No,"Sì, <10% della RAL",più del 50% del netto,30,Uomo,Con partner e/o figli,Sì,Laurea 3 anni,Sono Italiano
17/01/2025 20.40.03,oltre i 100K,Sì,Ticino,da 100 a 300k,10,0,0,No,Sì,Multinazionale non Italiana,Impiegato,Ibrido >2 giorni/settimana da casa,Bancario/Finanza/Assicurativo,10+ anni,No,"Sì, <10% della RAL",tra 10 e 20% del netto,45,Uomo,Con partner e/o figli,Sì,Diploma,Sono Italiano
17/01/2025 20.43.37,oltre i 100K,Sì,Amsterdam,da 300k a 1M,3,3,0,Sì,Sì,Multinazionale non Italiana,Dirigente,Full remote,IT/Tech,da 4 a 7 anni,No,"Sì, <10% della RAL",tra 20 e 30% del netto,36,Uomo,Da solo,No,Laurea 5 anni,Sono Italiano
17/01/2025 20.43.42,da 60 a 80K,Sì,Dublino,da 50 a 100k,7,0,0,No,No,Multinazionale non Italiana,Impiegato,Ibrido <=2 giorni/settimana da casa,Metalmeccanico,da 4 a 7 anni,No,No,tra 20 e 30% del netto,30,Uomo,Da solo,No,Laurea 5 anni,Sono Italiano
17/01/2025 20.45.05,oltre i 100K,Sì,Monaco di Baviera ,da 50 a 100k,5,0,2,No,No,Multinazionale non Italiana,Impiegato,Ibrido <=2 giorni/settimana da casa,IT/Tech,da 4 a 7 anni,No,No,tra 40 e 50% del netto,26,Uomo,Da solo,No,Laurea 3 anni,Sono Italiano
17/01/2025 20.54.30,da 50 a 60K,Sì,Svezia,da 300k a 1M,3,3,0,Sì,Sì,Multinazionale non Italiana,Impiegato,Ibrido <=2 giorni/settimana da casa,Bancario/Finanza/Assicurativo,da 1 a 3 anni,No,"Sì, 10-20% della RAL",più del 50% del netto,27,Uomo,Da solo,No,Laurea 5 anni,Sono Italiano
17/01/2025 20.56.00,oltre i 100K,Sì,Inghilterra ,da 50 a 100k,1,0,0,No,Sì,Multinazionale non Italiana,Impiegato,Ibrido <=2 giorni/settimana da casa,Bancario/Finanza/Assicurativo,da 1 a 3 anni,No,"Sì, >30% della RAL",tra 20 e 30% del netto,28,Uomo,Con partner e/o figli,Sì,Laurea 5 anni,Sono Italiano
17/01/2025 21.01.08,da 50 a 60K,Sì,Svezia,da 50 a 100k,3,0,0,No,No,Multinazionale non Italiana,Quadro,sede 5/5,Chimica,<1 anno,No,"Sì, <10% della RAL",tra 30 e 40% del netto,27,Uomo,Da solo,No,Dottorato,Sono Italiano
17/01/2025 21.01.33,oltre i 100K,Sì,Emirati Arabi Uniti,da 100 a 300k,9,0,0,No,No,Azienda estera non multinazionale,Impiegato,sede 5/5,IT/Tech,da 1 a 3 anni,No,"Sì, 10-20% della RAL",più del 50% del netto,36,Uomo,Da solo,No,Laurea 5 anni,Sono Italiano
17/01/2025 21.04.14,da 40 a 45K,Sì,Regno Unito,meno di 10k,10,0,0,No,Sì,Azienda estera non multinazionale,Impiegato,Ibrido <=2 giorni/settimana da casa,Ricerca scientifica,da 1 a 3 anni,No,No,tra 40 e 50% del netto,31,Uomo,In casa condivisa con altri amici/lavoratori,No,Dottorato,Sono Italiano
17/01/2025 21.11.54,da 80 a 100K,Sì,Bruxelles,da 100 a 300k,9,0,0,No,No,Multinazionale non Italiana,Impiegato,Ibrido >2 giorni/settimana da casa,Consulenza varia ed eventuale,da 1 a 3 anni,No,"Sì, <10% della RAL",più del 50% del netto,33,Uomo,Con partner e/o figli,No,Laurea 5 anni,Sono Italiano
17/01/2025 21.13.07,oltre i 100K,Sì,"Londra, Regno Unito",da 300k a 1M,8,0,1,No,Sì,Multinazionale non Italiana,Impiegato,Ibrido >2 giorni/settimana da casa,Bancario/Finanza/Assicurativo,da 1 a 3 anni,No,"Sì, 20-30% della RAL",tra 30 e 40% del netto,35,Uomo,Da solo,No,Laurea 5 anni,Sono Italiano
17/01/2025 21.25.36,da 60 a 80K,Sì,Austria,da 100 a 300k,4,0,0,No,No,Multinazionale non Italiana,Impiegato,Ibrido <=2 giorni/settimana da casa,Automotive,da 4 a 7 anni,No,"Sì, <10% della RAL",tra 30 e 40% del netto,27,Uomo,Da solo,No,Laurea 5 anni,Sono Italiano
17/01/2025 21.32.12,da 60 a 80K,Sì,Paesi bassi,da 100 a 300k,5,0,1,No,No,Multinazionale non Italiana,Quadro,Ibrido >2 giorni/settimana da casa,FMCG ,da 4 a 7 anni,No,"Sì, 20-30% della RAL",più del 50% del netto,29,Uomo,Con genitori,Sì,Laurea 5 anni,Sono Italiano
17/01/2025 21.32.24,da 60 a 80K,Sì,Londra,da 50 a 100k,6,0,3,No,Sì,Multinazionale non Italiana,Impiegato,Ibrido <=2 giorni/settimana da casa,Bancario/Finanza/Assicurativo,<1 anno,No,"Sì, 10-20% della RAL",tra 30 e 40% del netto,24,Uomo,In casa condivisa con altri amici/lavoratori,Sì,Laurea 5 anni,Sono Italiano
17/01/2025 21.36.53,da 60 a 80K,Sì,Svizzera,da 50 a 100k,10,0,0,No,No,Azienda estera non multinazionale,Impiegato,Ibrido >2 giorni/settimana da casa,IT/Tech,da 4 a 7 anni,No,No,tra 30 e 40% del netto,28,Uomo,Da solo,No,Diploma,Sono Italiano
17/01/2025 21.45.09,oltre i 100K,Sì,,da 100 a 300k,6,0,0,No,Sì,Azienda estera non multinazionale,Quadro,sede 5/5,Bancario/Finanza/Assicurativo,da 4 a 7 anni,No,"Sì, 10-20% della RAL",tra 20 e 30% del netto,,Uomo,Da solo,No,Laurea 5 anni,Sono Italiano
17/01/2025 21.45.55,da 40 a 45K,Sì,Spagna,da 10 a 50k,0,0,0,No,No,Multinazionale non Italiana,Impiegato,Full remote,IT/Tech,<1 anno,No,"Sì, <10% della RAL",tra 20 e 30% del netto,25,Uomo,In casa condivisa con altri amici/lavoratori,No,Laurea 5 anni,Sono Italiano
17/01/2025 21.56.53,oltre i 100K,Sì,Svizzera,da 100 a 300k,7,0,2,No,Sì,Italiana,Impiegato,sede 5/5,Bancario/Finanza/Assicurativo,da 4 a 7 anni,No,"Sì, 10-20% della RAL",tra 40 e 50% del netto,32,Uomo,Con partner e/o figli,Sì,Laurea 5 anni,Sono Italiano
17/01/2025 21.59.19,da 25 a 30K,Sì,Svezia,da 10 a 50k,1,0,0,No,Sì,Azienda estera non multinazionale,Studente,Ibrido <=2 giorni/settimana da casa,Settore Pubblico,<1 anno,No,No,più del 50% del netto,24,Uomo,Da solo,No,Laurea 5 anni,Sono Italiano
17/01/2025 22.01.39,oltre i 100K,Sì,Colombia,da 300k a 1M,4,0,0,No,No,Italiana,Dirigente,sede 5/5,Settore Pubblico,da 7 a 10 anni,No,No,più del 50% del netto,35,Uomo,Con partner e/o figli,Sì,Laurea 5 anni,Sono Italiano
17/01/2025 22.10.43,da 60 a 80K,Sì,Francia,da 300k a 1M,6,0,2,No,No,Multinazionale fondata in Italia,Impiegato,sede 5/5,Trasporti e Logistica,da 4 a 7 anni,No,No,più del 50% del netto,32,Uomo,Da solo,No,Laurea 5 anni,Sono Italiano
17/01/2025 22.21.12,oltre i 100K,Sì,Amsterdam ,da 100 a 300k,4,0,1,Sì,Sì,Multinazionale non Italiana,Impiegato,Ibrido >2 giorni/settimana da casa,Alcolici ,da 4 a 7 anni,No,"Sì, 10-20% della RAL",tra 20 e 30% del netto,34,Uomo,Con partner e/o figli,Sì,Laurea 5 anni,Sono Italiano
17/01/2025 22.25.20,da 80 a 100K,Sì,Parigi,da 300k a 1M,3,0,0,No,Sì,Multinazionale non Italiana,Quadro,Ibrido <=2 giorni/settimana da casa,IT/Tech,da 1 a 3 anni,No,"Sì, <10% della RAL",tra 20 e 30% del netto,38,Uomo,Con partner e/o figli,Sì,Dottorato,Sono Italiano
17/01/2025 22.28.16,da 60 a 80K,Sì,Germania,da 50 a 100k,5,0,0,No,Sì,Azienda estera non multinazionale,Impiegato,Ibrido <=2 giorni/settimana da casa,IT/Tech,da 1 a 3 anni,No,"Sì, <10% della RAL",tra 40 e 50% del netto,26,Uomo,Con partner e/o figli,No,Laurea 5 anni,Sono Italiano
17/01/2025 22.30.05,da 60 a 80K,Sì,Australia ,da 100 a 300k,7,2,0,No,Sì,Multinazionale non Italiana,Impiegato,sede 5/5,Minerario ,da 4 a 7 anni,No,"Sì, <10% della RAL",più del 50% del netto,25,Uomo,In casa condivisa con altri amici/lavoratori,No,Diploma,Sono Italiano
17/01/2025 23.08.28,da 50 a 60K,Sì,Monaco di Baviera,da 10 a 50k,7,0,0,No,Sì,Italiana,Impiegato,Ibrido >2 giorni/settimana da casa,IT/Tech,da 1 a 3 anni,No,No,più del 50% del netto,27,Uomo,Da solo,No,Laurea 5 anni,Sono Italiano
17/01/2025 23.20.13,da 60 a 80K,Sì,Lisbona,da 50 a 100k,7,0,0,Sì,Sì,Multinazionale non Italiana,Quadro,Full remote,,da 7 a 10 anni,No,No,tra 30 e 40% del netto,35,Uomo,Con partner e/o figli,Sì,Laurea 5 anni,Sono Italiano
17/01/2025 23.23.11,da 80 a 100K,Sì,Svizzera ,da 100 a 300k,7,1,0,No,Sì,Azienda estera non multinazionale,Impiegato,Full remote,editoria e comunicazione ,da 4 a 7 anni,No,"Sì, <10% della RAL",tra 40 e 50% del netto,35,Donna,Con partner e/o figli,Sì,Laurea 5 anni,Sono Italiano
17/01/2025 23.34.35,oltre i 100K,Sì,Svizzera,da 300k a 1M,10,0,0,No,No,Multinazionale non Italiana,Impiegato,Ibrido <=2 giorni/settimana da casa,Consulenza varia ed eventuale,da 7 a 10 anni,No,"Sì, <10% della RAL",tra 40 e 50% del netto,34,Uomo,Da solo,No,Laurea 3 anni,Sono Italiano
17/01/2025 23.47.25,oltre i 100K,No,UK ,da 300k a 1M,6,1,0,No,Sì,,Imprenditore,Full remote,Consulenza varia ed eventuale,da 4 a 7 anni,No,No,più del 50% del netto,42,Uomo,Con partner e/o figli,Sì,Laurea 3 anni,Sono Italiano
17/01/2025 23.56.36,da 60 a 80K,Sì,Germania,da 50 a 100k,0,0,0,No,Sì,Azienda estera non multinazionale,Impiegato,sede 5/5,Settore Pubblico,da 4 a 7 anni,No,No,tra 20 e 30% del netto,33,Uomo,Con partner e/o figli,No,Dottorato,Sono Italiano
18/01/2025 0.12.00,da 60 a 80K,Sì,Norvegia,da 100 a 300k,8,0,1,No,Sì,Multinazionale non Italiana,Impiegato,Full remote,IT/Tech,da 4 a 7 anni,No,"Sì, <10% della RAL",tra 40 e 50% del netto,34,Uomo,Con partner e/o figli,Sì,Dottorato,Sono Italiano
18/01/2025 0.52.34,oltre i 100K,Sì,Spagna ,da 100 a 300k,6,0,1,Sì,Sì,Multinazionale non Italiana,Impiegato,Full remote,IT/Tech,da 4 a 7 anni,No,No,più del 50% del netto,34,Preferisco non dichiarare,Con partner e/o figli,Sì,Laurea 5 anni,Sono Italiano
18/01/2025 0.54.32,da 60 a 80K,Sì,Dublino,da 50 a 100k,5,0,0,No,Sì,Multinazionale non Italiana,Impiegato,Ibrido <=2 giorni/settimana da casa,IT/Tech,<1 anno,No,No,più del 50% del netto,24,Uomo,Da solo,No,Laurea 5 anni,Sono Italiano
18/01/2025 1.01.23,oltre i 100K,Sì,Hong Kong,più di 1M,10,0,0,No,No,Multinazionale non Italiana,Impiegato,sede 5/5,IT/Tech,10+ anni,No,"Sì, >30% della RAL",più del 50% del netto,41,Uomo,Con partner e/o figli,No,Dottorato,Sono Italiano
18/01/2025 1.16.40,oltre i 100K,Sì,"Dublin, Ireland",più di 1M,9,0,1,No,Sì,Multinazionale non Italiana,Quadro,Full remote,IT/Tech,da 7 a 10 anni,No,"Sì, >30% della RAL",più del 50% del netto,32,Uomo,Con partner e/o figli,,Laurea 5 anni,Sono Italiano
18/01/2025 1.27.19,oltre i 100K,Sì,Olanda,da 100 a 300k,2,0,0,No,Sì,Multinazionale non Italiana,Impiegato,sede 5/5,IT/Tech,da 1 a 3 anni,No,"Sì, 10-20% della RAL",più del 50% del netto,29,Uomo,In casa condivisa con altri amici/lavoratori,No,Laurea 5 anni,Sono Italiano
18/01/2025 1.36.44,oltre i 100K,Sì,Svizzera,da 50 a 100k,1,0,0,Sì,No,Multinazionale non Italiana,Impiegato,Ibrido >2 giorni/settimana da casa,IT/Tech,10+ anni,No,No,più del 50% del netto,36,Uomo,Con partner e/o figli,Sì,Laurea 5 anni,Sono Italiano
18/01/2025 2.04.28,da 60 a 80K,Sì,Irlanda,da 100 a 300k,0,0,8,Sì,No,Multinazionale non Italiana,Quadro,Full remote,IT/Tech,da 4 a 7 anni,No,"Sì, <10% della RAL",tra 30 e 40% del netto,28,Uomo,Con partner e/o figli,No,Laurea 3 anni,Sono Italiano
18/01/2025 3.02.24,oltre i 100K,Sì,Spagna,da 100 a 300k,5,0,1,No,No,Azienda estera non multinazionale,Impiegato,sede 5/5,IT/Tech,da 1 a 3 anni,No,"Sì, >30% della RAL",più del 50% del netto,22,Uomo,Da solo,No,Diploma,Sono Italiano
18/01/2025 3.04.36,da 45 a 50K,Sì,Germania,da 50 a 100k,4,0,0,No,No,Azienda estera non multinazionale,Studente,sede 5/5,Ricerca,da 4 a 7 anni,No,No,tra 30 e 40% del netto,29,Uomo,In casa condivisa con altri amici/lavoratori,No,Laurea 5 anni,Sono Italiano
18/01/2025 4.29.52,da 60 a 80K,Sì,Belgio,da 50 a 100k,7,0,0,No,No,Azienda estera non multinazionale,Impiegato,sede 5/5,Consulenza varia ed eventuale,da 4 a 7 anni,No,No,tra 30 e 40% del netto,30,Uomo,Da solo,No,Laurea 5 anni,Sono Italiano
18/01/2025 4.53.17,da 80 a 100K,Sì,Australia,da 100 a 300k,7,0,0,No,Sì,Azienda estera non multinazionale,Impiegato,sede 5/5,IT/Tech,da 1 a 3 anni,No,No,tra 40 e 50% del netto,34,Uomo,Con partner e/o figli,Sì,Dottorato,Sono Italiano
18/01/2025 6.30.24,da 80 a 100K,Sì,Paesi Bassi,da 300k a 1M,7,0,0,No,Sì,Multinazionale non Italiana,Impiegato,Ibrido >2 giorni/settimana da casa,IT/Tech,da 7 a 10 anni,No,"Sì, 10-20% della RAL",tra 20 e 30% del netto,38,Uomo,Da solo,No,Dottorato,Sono Italiano
18/01/2025 6.40.16,da 60 a 80K,Sì,Lussemburgo,da 300k a 1M,2,0,,No,No,Multinazionale non Italiana,Impiegato,Ibrido >2 giorni/settimana da casa,Consulenza varia ed eventuale,<1 anno,No,No,tra 30 e 40% del netto,33,Uomo,In casa condivisa con altri amici/lavoratori,No,Laurea 5 anni,Sono Italiano
18/01/2025 8.19.50,oltre i 100K,Sì,Dubai,da 300k a 1M,9,0,1,Sì,No,Multinazionale non Italiana,Dirigente,Ibrido <=2 giorni/settimana da casa,Consulenza varia ed eventuale,da 4 a 7 anni,No,"Sì, 20-30% della RAL",più del 50% del netto,30,Uomo,Da solo,No,Laurea 5 anni,Sono Italiano
18/01/2025 8.21.05,da 80 a 100K,Sì,Dublino,da 50 a 100k,9,0,0,No,Sì,Multinazionale non Italiana,Impiegato,sede 5/5,IT/Tech,da 1 a 3 anni,No,No,tra 40 e 50% del netto,27,Uomo,In casa condivisa con altri amici/lavoratori,No,Laurea 5 anni,Sono Italiano
18/01/2025 8.34.41,oltre i 100K,Sì,Norvegia ,da 50 a 100k,7,0,0,No,Sì,Multinazionale non Italiana,Impiegato,Ibrido >2 giorni/settimana da casa,IT/Tech,da 1 a 3 anni,No,"Sì, 10-20% della RAL",più del 50% del netto,26,Uomo,Da solo,No,Laurea 5 anni,Sono Italiano
18/01/2025 10.03.26,da 80 a 100K,Sì,Germania,da 100 a 300k,7,0,0,No,No,Multinazionale non Italiana,Impiegato,Ibrido <=2 giorni/settimana da casa,Bancario/Finanza/Assicurativo,<1 anno,No,"Sì, 20-30% della RAL",tra 40 e 50% del netto,25,Uomo,In casa condivisa con altri amici/lavoratori,No,Laurea 5 anni,Sono Italiano
18/01/2025 11.38.46,da 60 a 80K,Sì,Francia,da 50 a 100k,3,0,0,No,,Azienda estera non multinazionale,Quadro,Full remote,IT/Tech,da 4 a 7 anni,No,No,tra 20 e 30% del netto,34,Uomo,Con partner e/o figli,Sì,Laurea 5 anni,Sono Italiano
18/01/2025 11.53.26,oltre i 100K,Sì,Lussemburgo,da 100 a 300k,8,0,0,No,Sì,Multinazionale non Italiana,Impiegato,Ibrido <=2 giorni/settimana da casa,IT/Tech,da 1 a 3 anni,No,"Sì, <10% della RAL",più del 50% del netto,23,Uomo,Da solo,No,Laurea 5 anni,Sono Italiano
18/01/2025 12.59.53,da 50 a 60K,Sì,Lussemburgo,da 100 a 300k,2,0,3,No,No,Multinazionale non Italiana,Impiegato,Full remote,Consulenza varia ed eventuale,da 4 a 7 anni,No,"Sì, <10% della RAL",più del 50% del netto,30,Uomo,Da solo,No,Laurea 5 anni,Sono Italiano
18/01/2025 13.31.50,da 80 a 100K,Sì,Danimarca,da 50 a 100k,7,0,1,No,Sì,Multinazionale non Italiana,Impiegato,Ibrido >2 giorni/settimana da casa,Pharma ,da 1 a 3 anni,No,"Sì, <10% della RAL",tra 30 e 40% del netto,28,Uomo,Con partner e/o figli,No,Laurea 5 anni,Sono Italiano
18/01/2025 13.50.40,da 40 a 45K,Sì,Regno Unito,meno di 10k,0,,0,No,No,Azienda estera non multinazionale,Impiegato,Ibrido >2 giorni/settimana da casa,,da 1 a 3 anni,No,No,tra 40 e 50% del netto,30,Uomo,In casa condivisa con altri amici/lavoratori,No,Dottorato,Sono Italiano
18/01/2025 15.26.10,da 50 a 60K,Sì,Berlino,da 50 a 100k,6,0,0,No,No,Multinazionale non Italiana,Impiegato,Ibrido >2 giorni/settimana da casa,Automotive,da 1 a 3 anni,No,"Sì, <10% della RAL",tra 40 e 50% del netto,28,Uomo,Da solo,No,Laurea 5 anni,Sono Italiano
18/01/2025 15.33.30,da 50 a 60K,Sì,Frankfurt ,da 100 a 300k,0,5,0,No,No,Multinazionale non Italiana,Impiegato,Ibrido >2 giorni/settimana da casa,,da 1 a 3 anni,No,"Sì, <10% della RAL",tra 20 e 30% del netto,24,Uomo,Da solo,No,Laurea 5 anni,Sono Italiano